넬리 소다세제 3.29kg 세탁세제 아기세제,4,
슈가버블 친환경 분말 세탁세제 7kg 드럼겸용,6,
롯데 팜로드 더블치즈 케이크 24g X 15,1,
트윅스 미니스 초콜릿 1875g 약186봉 미니초코바,2,
페브리즈 섬유탈취제 다우니향 920ml X 2 대용량,1,
엔젯 오리진 남극 크릴오일 500mg X 90 캡슐,1,
아모스 글라스데코 멀티팩 썬데코+스티커,8,
커클랜드 주방용랩 30.1cmX231m 2개 주방랩,6,
커클랜드 종이형 섬유유연제 250매/시트형/코스트코,7,
커클랜드 주방용 랩 30.84cm X 914.4m 식품포장,1,
스위스미스 핫코코아 믹스 핫초코 마시멜로,5,마쉬멜로
코스트코 퀴노아 1kg 미이랑,4,
이지쉐프 알리오올리오 파스타소스 10인분 스파게티,2,
커클랜드 발사믹 비니거 식초 1L,1,
탐앤탐스 깔라만시톡스 800ml 깔라만시 원액 100%,2,
커클랜드 프로틴바 60g X 20개,7,
허쉬 초콜릿 드링크 235ml X 27 초코우유 초코드링크,1,
커클랜드 다용도 극세사 타올 36매 세차,15,
아모스 아이슬라임 믹스 메이크 세트,7,
밸런스 그로우 유기농 노니주스 1000ml 원액,4,
커클랜드 전자렌지 팝콘 44팩 버터팝콘영화,5,
코스트코 스위퍼 먼지청소포 핸들 + 청소포 28매 먼지털이,4,
샤프란 꽃담초 섬유유연제 5.7L 대용량 연꽃향,4,
커클랜드 프로틴바 60g X 20봉 프로틴,12,
커클랜드 슈퍼오메가3 1229mg X 180캡슐 DHA,4,
샘표 양조간장 701 1.8L 진간장,1,
오랄비 글라이드 치실 민트향 40M X 6개,12,
암앤해머 베이킹소다 6.12kg 파우더,12,
한진 빼빼어포 24g X 16봉 빼빼포,2,
커클랜드 남성용 골프장갑 양가죽 3P,1,ML 19.5cm
덤덤팝스 캔디 1.44kg 300개 투시팝 막대사탕 롤리팝,3,
트롤리 올인원 젤리 1kg 왕꿈틀이 구미베어,1,
커클랜드 엑스트라버진 올리브유 3L 스페인산,3,
네스카페 수프리모 스페셜 블랜드 500g,1,
CJ제일제당 cj 전립소 쏘팔메토 800mg X 90 전립선,6,
샘표 양조간장 701 1.8L 진간장 샘표간장,8,
트롤리 올인원 젤리 1kg 구미베어 왕꿈틀이,2,
3M 다용도 세정티슈 360매 청소용 물티슈,6,
지큐랩 에스 신바이오틱스 유산균 2000mg X 30포,1,
크리넥스 데코 앤 소프트 화장지 3겹 40MX30롤,1,
레드씰 어린이 치약 75g X 4 레드씰키즈,2,
에프킬라 매직큐브 리필 30일 8개 교체용,1,
후르트텔라 1300g 요구르트캔디 후르츠텔라,1,
커클랜드 벌꿀 3kg 캐나다산,2,
웨덜스 오리지날 버터 크림캔디 1kg 웨더스,28,
종근당 키즈 / 주니어홍삼 30포 어린이 청소년 면역,1,주니어홍삼(10~16세)
코스트코 웰런 고릴라랙 5단 철재선반 수납장,3,
코스트코 사푸토 스트링치즈 48개 1.36kg 프리고,6,일반포장
코스트코 크롬도금 4단 선반 NSF 메탈 고릴라랙,1,
다우니 섬유유연제 에이프릴 초고농축 4.08L X 2,1,
종근당 락토핏 생유산균19 180포 프로바이오틱스,2,
피지 파워 시트 세탁세제 120매 종이세제,6,
햇반 CJ 햇반 이천쌀밥 210g 18개 즉석밥,1,
하인즈 유기농 토마토 케찹 1.25kg 오가닉 케첩,2,
크리넥스 안심 3겹 키친타올 160매 12롤 종이타올,1,
스카트 다용도 위생행주 100매/ 빨아쓰는 키친타올,1,
궁 쇠고기 육포 70g X 6봉 견우푸드 궁육포,2,
스카트 위생행주 100매 빨아쓰는 키친타올,2,
코스트코 신신파프 쿨 / 핫 각 25매 신신파스,2,COOL
네스까페 테이스터스 초이스 하우스블랜드 커피 340g,1,
커클랜드 슈퍼 프리미엄 고양이사료 11.3kg,2,
코스트코 사푸토 스트링치즈 48개 1.36kg 프리고,2,아이스포장
암앤해머 베이킹소다 6.12kg 대용량,1,
커클랜드 소형견 사료 9.07kg 애견사료,2,
cj 전립소 쏘팔메토 800mg X 90 전립선,2,
신희 홈워시 친환경 홈드라이 1.5L / 드라이크리닝,1,
인텍스 전기 에어펌프 220V 공기주입 배출,4,
크리넥스 마이비데 물티슈 캡형 60매 X 6팩 온가족용,3,
궁 쇠고기 육포 250g 궁육포 우육포 호주산/코스트코,6,
코스트코 더치 스트룹 와플 40g X 42,2,
웰치스 후르트롤 50개 후르츠 롤젤리 테이프젤리,4,
농심 스낵모음 박스 36개 스낵과자세트 /코스트코,1,
블랙포레스트 꼬마곰 젤리 2.72kg 구미베어 하리보,1,
아로마뷰 옐로우가든 고농축 섬유유연제 5L,1,
벨버드 애견 용변패드 40X50 80매 배변패드,5,
마즈 몰티져스 초코볼 720G 대용량,1,
코스트코 씨위드 찹쌀 김부각 150g 국산김 튀각,2,
후버 사과주스 200ml 30개,1,
맛있게 구운 오징어채 250g 마른오징어 안주,9,
엔젯오리진 엔젯 오리진 남극 크릴오일 500mg X 90 캡슐,1,
다우니 아로마쥬얼 859g 섬유유연제 언스토퍼블,11,
연세 멸균우유 200ml X 24팩 흰우유,6,
다스칼리데스 다크 72% 초콜릿 1.5kg,2,
코스트코 타이와 쌀국수 1476g 라이스스틱,2,
웰치스 후르츠 젤리 2.5kg (100봉)+후르트롤 2롤,2,
파인솔 다목적 항균 세정제 2.95L X 2병,1,
오븐에 구은 버터 도넛 12개입 코스트코 빵,3,
뉴트로지나 레인바스 샤워젤 리후레싱 1182ml 바스젤,4,
커클랜드 주방용랩 중형 30.84cm X 914.4m 식품용,2,
스키피 땅콩버터 1.36kg x 2 슈퍼청크 땅콩잼,1,
미쯔칸 쯔유 1.8L 일본간장 미즈칸 미츠칸,6,
트레핀 벨기에 커피캔디 1.5kg 벨지안 사탕 카피나 벨기안,3,
위생행주 100매 빨아쓰는 키친타올,4,
하와이안 호스트 마카다미아 초콜릿 454g,2,
짜파게티 농심 올리브 짜파게티 140g 20봉 1박스,1,
팝코너스 칩 버라이어티팩 24봉지 3가지맛,1,
농심 올리브 짜파게티 140g 20봉 1박스,1,
한진 빼빼어포 24g X 16봉 빼빼포 쥐포,3,
케터 다용도 핸드트럭 62L,1,
커클랜드 비타민C 1000mg 500정 로즈힙 함유,1,
킹스포드 바베큐 참숯 8.16kg X 2개 슻 차콜,1,
페레로 누텔라 1kg 초코잼 헤이즐넛스프레드,2,
코스트코 신신파프 쿨 / 핫 각 25매 신신파스,2,HOT
오가니스트 키즈 샴푸 앤 바디워시 730ml 2in1,4,파우더향 730ml
오가니스트 키즈 샴푸 앤 바디워시 730ml 2in1,2,복숭아향 730ml
커클랜드 남성용 골프장갑 양가죽 3P,1,S 18.5cm
코스트코 웰런 고릴라랙 5단 철재선반 튼튼한 수납,2,
종근당 키즈 / 주니어홍삼 30포 어린이 청소년 면역,1,키즈홍삼(3~9세)
안옥남 국물용 다시팩 17g 30팩 멸치 다시마,1,
벨기안 커피 캔디 1.5kg 카피나 벨지안 사탕,3,
코스트코 맛있게 구운 오징어채 250g 마른오징어 안주,1,
하마야 드립백커피 8gx36개입 드립커피 원두,3,
서울우유 밀크릿 500g 2g X 250정 밀크태블릿 칼슘,3,
코스트코 유기농 루이보스티 40티백X4팩 루이보스차,1,
삼립 궁중 꿀약과 1.5kg (50개입) 코스트코약과,1,
스니커즈 미니스 1745g 땅콩 초코바 트윅스,3,
Cj 햇반 발아현미밥 210g X 12개 즉석밥,2,
화이트 입는 오버나이트 팬티형 생리대 대형/중형 20개,2,대형20개
마켓오 오 그래놀라 카카오 300g X 3 시리얼,1,
세타필 모이스춰라이징 크림550g 최신품 2022년 6월,1,
아모스 글라스데코 멀티팩 반짝이풀,1,
다우니 섬유유연제 미국산 대용량,2,에이프릴4.08L 1개
델론 화장솜 900매 순면100% 딜론 클렌징솜,2,
정관장 홍삼정 캡슐 현 500mg X 100 면역력강화,6,
CJ 햇반 이천쌀밥 210g 18개 즉석밥,1,
토블론 타이니 초콜릿 656g 밀크 다크,1,
리스테린 헬씨 브라이트 1L 2개 구강청결제 헬시브라이트,2,
씨위드 찹쌀 김부각 150g 국산김 튀각,2,
얼라이브 원스데일리 멀티비타민 100정 종합비타민,2,
샘표 양조간장701 1.8L 진간장,4,
오데이 누가샌드위치 크래커 30개 대만과자,2,
벨기에 커피캔디 1.5kg 벨지안 사탕 카피나 벨기안,4,
숲속의샘 주방세제 15리터 퐁퐁 대용량,2,
피앤지 페어리 주방세제 1L X 3 고농축 레몬향,2,
촉촉한 버터구이 오징어 70g X 6봉 반건조,2,
커클랜드 남성용 골프장갑 양가죽 3P,1,XS 18cm
센텔리안24 마시는 콜라겐 플러스 3000 20ml 30포,2,
다우니 섬유유연제 미국산 대용량,2,에이프릴초고농축 4.08L 1개
햇반 Cj 햇반 발아현미밥 210g X 12개 즉석밥,1,
아모스 아이클레이 아이캔비 세트,7,
팝코너스 칩 버라이어티팩 24봉 3가지맛,1,
코스트코 접이식 핸드카트 68kg 적재 휴대용 스모카트,1,레드
본죽 쇠고기 장조림 170g X 4팩,2,
커클랜드 울트라 클린팩 캡슐 세탁 세제 3.6kg 152개,1,
코스트코 소프트앤츄이 그래놀라바 64개,1,
프레디 스트로베리 요거트 케익 25gX80봉 코스트코빵,10,
커클랜드 메이플 시럽 1L 캐나다산 단풍수액 100%,3,
커클랜드 메이플 시럽 1L 캐나다산 단풍시럽,8,
메사나 파마산 치즈 가루 227g x 2 ,1,
